<?xml version="1.0" encoding="UTF-8"?>
<beans xmlns="http://www.springframework.org/schema/beans"
	xmlns:xsi="http://www.w3.org/2001/XMLSchema-instance" xmlns:p="http://www.springframework.org/schema/p"
	xmlns:mvc="http://www.springframework.org/schema/mvc" xmlns:context="http://www.springframework.org/schema/context"
	xmlns:mongo="http://www.springframework.org/schema/data/mongo"
	xsi:schemaLocation="http://www.springframework.org/schema/beans
				        http://www.springframework.org/schema/beans/spring-beans-3.0.xsd
				        http://www.springframework.org/schema/context
				        http://www.springframework.org/schema/context/spring-context-3.0.xsd
                		http://www.springframework.org/schema/mvc 
                		http://www.springframework.org/schema/mvc/spring-mvc-3.0.xsd
                		http://www.springframework.org/schema/data/mongo
                		http://www.springframework.org/schema/data/mongo/spring-mongo-1.2.xsd
						http://www.springframework.org/schema/data/repository
						http://www.springframework.org/schema/data/repository/spring-repository-1.5.xsd">

	<mongo:mongo host="127.0.0.1" port="27017" />
	<mongo:db-factory dbname="nms" />

	<bean id="mongoTemplate" class="org.springframework.data.mongodb.core.MongoTemplate">
		<constructor-arg name="mongoDbFactory" ref="mongoDbFactory" />
	</bean>

	<bean id="alarmDAO" class="com.alcatel.ov.nms.dao.impl.AlarmDAOImpl">
		<property name="mongoOperation" ref="mongoTemplate" />
	</bean>

	<bean id="portDAO" class="com.alcatel.ov.nms.dao.impl.PortDAOImpl">
		<property name="mongoOperation" ref="mongoTemplate" />
	</bean>

	<bean id="deviceDAO" class="com.alcatel.ov.nms.dao.impl.DeviceDAOImpl">
		<property name="mongoOperation" ref="mongoTemplate" />
	</bean>

	<bean id="nmsAppContext" class="com.alcatel.ov.nms.ctx.NMSAppContext" />

</beans>
