<?xml version="1.0" encoding="UTF-8"?>
<beans xmlns="http://www.springframework.org/schema/beans"
	xmlns:xsi="http://www.w3.org/2001/XMLSchema-instance" xmlns:p="http://www.springframework.org/schema/p"
	xmlns:mvc="http://www.springframework.org/schema/mvc" xmlns:context="http://www.springframework.org/schema/context"
	xsi:schemaLocation="http://www.springframework.org/schema/beans
        http://www.springframework.org/schema/beans/spring-beans-3.0.xsd
        http://www.springframework.org/schema/context
        http://www.springframework.org/schema/context/spring-context-3.0.xsd
                http://www.springframework.org/schema/mvc http://www.springframework.org/schema/mvc/spring-mvc-3.0.xsd">

	<bean id="dataSource"
		class="org.springframework.jdbc.datasource.DriverManagerDataSource">
		<property name="driverClassName" value="com.mysql.jdbc.Driver" />
		<property name="url" value="jdbc:mysql://${serverIp}:3306/nmsdb" />
		<property name="username" value="root" />
		<property name="password" value="mysql" />
	</bean>

	<!-- Hibernate session factory -->
	<bean id="sessionFactory"
		class="org.springframework.orm.hibernate3.annotation.AnnotationSessionFactoryBean">

		<property name="dataSource">
			<ref bean="dataSource" />
		</property>

		<property name="hibernateProperties">
			<props>
				<prop key="hibernate.dialect">org.hibernate.dialect.MySQLDialect</prop>
				<prop key="hibernate.show_sql">true</prop>
				<prop key="hibernate.hbm2ddl.auto">update</prop>
				<prop key="connection.useUnicode">true</prop>
				<prop key="hibernate.connection.characterEncoding">UTF-8</prop>

			</props>
		</property>
		<property name="packagesToScan">
			<list>
				<value>com.tma.nms.management</value>
				<value>com.tma.nms.management.alarm</value>
				<value>com.tma.nms.management.metadata</value>
			</list>
		</property>
	</bean>

	<bean id="transactionManager"
		class="org.springframework.orm.hibernate3.HibernateTransactionManager">
		<property name="sessionFactory">
			<ref bean="sessionFactory" />
		</property>
	</bean>

	<bean id="transactionTemplate"
		class="org.springframework.transaction.support.TransactionTemplate">
		<constructor-arg ref="transactionManager" />
	</bean>
	<bean id="nmsObjectDao" class="com.tma.nms.dao.NMSObjectHibernateDao">
		<constructor-arg ref="sessionFactory" />
	</bean>
	
	<bean id="alarmDao" class="com.tma.nms.dao.AlarmHibernateDao">
		<constructor-arg ref="sessionFactory" />
	</bean>
	
	<bean id="deviceService" class="org.springframework.transaction.interceptor.TransactionProxyFactoryBean">
        <property name="transactionManager">
            <ref bean="transactionManager" />
        </property>
        <property name="target">
            <ref bean="deviceServiceTarget" />
        </property>
        <property name="transactionAttributes">
            <props>
                
                <prop key="*">PROPAGATION_REQUIRED</prop>
            </props>
        </property>
    </bean>
    
    <bean id="alarmService" class="org.springframework.transaction.interceptor.TransactionProxyFactoryBean">
        <property name="transactionManager">
            <ref bean="transactionManager" />
        </property>
        <property name="target">
            <ref bean="alarmServiceTarget" />
        </property>
        <property name="transactionAttributes">
            <props>
                
                <prop key="*">PROPAGATION_REQUIRED</prop>
            </props>
        </property>
    </bean>
	
	<bean id="deviceServiceTarget" class="com.tma.nms.app.NMSObjectServiceImpl">
		<constructor-arg ref="sessionFactory" />
		<constructor-arg ref="nmsObjectDao" />
	</bean>
	
	<bean id="alarmServiceTarget" class="com.tma.nms.app.AlarmServiceImpl">
		<constructor-arg ref="alarmDao" />
	</bean>
	<bean id="alarmAutoModifier" class = "com.tma.nms.events.AlarmAutoModifier" init-method="init" destroy-method="close">
	    
		<constructor-arg ref="alarmDao" />
		<constructor-arg ref="nmsObjectDao" />
		<constructor-arg ref="transactionTemplate" />
	</bean>
	
	<bean id="nmsAppContext" class="com.tma.nms.ctx.NMSAppContext"/>
</beans>
