<?xml version="1.0" encoding="UTF-8"?>
<beans xmlns="http://www.springframework.org/schema/beans"
	xmlns:xsi="http://www.w3.org/2001/XMLSchema-instance" xmlns:context="http://www.springframework.org/schema/context"
	xmlns:mvc="http://www.springframework.org/schema/mvc" xmlns:beans="http://www.springframework.org/schema/beans"
	xmlns:p="http://www.springframework.org/schema/p"
	xsi:schemaLocation="http://www.springframework.org/schema/beans 
	   		http://www.springframework.org/schema/beans/spring-beans-3.1.xsd
	   		http://www.springframework.org/schema/context
	   		http://www.springframework.org/schema/context/spring-context-3.1.xsd
			http://www.springframework.org/schema/mvc 
			http://www.springframework.org/schema/mvc/spring-mvc-3.1.xsd">

	<!-- Activates various annotations to be detected in bean classes -->
	<context:annotation-config />

	<!-- Scans the classpath for annotated components that will be auto-registered 
		as Spring beans. For example @Controller and @Service. Make sure to set the 
		correct base-package -->
	<context:component-scan base-package="com.alcatel.ov.nms.controller" />

	<!-- Configures the annotation-driven Spring MVC Controller programming 
		model. Note that, with Spring 3.0, this tag works in Servlet MVC only! -->
	<mvc:annotation-driven>
		<mvc:argument-resolvers>
			<beans:bean class="com.alcatel.ov.nms.resolvers.AtmoSpringControllerResolver"></beans:bean>
		</mvc:argument-resolvers>
	</mvc:annotation-driven>

</beans>

